,benign_mean,benign_std,attack_mean,attack_std,benign_count,attack_count
train,0.021367249925144355,0.6909328917610248,0.01193094524952666,0.25542380715956714,16624.0,6722.0
val,0.011614676103744632,0.15860330698713548,0.027572325594281615,0.4680178687284252,5542.0,2241.0
test,0.01942970076227015,0.3385600612807857,0.03443651797398067,0.4772872357864295,5542.0,2241.0
